Best_alpha,Best_accuracy,F1-score Micro,F1-score Macro
0.1,0.8319479580773401,0.7950849295265631,0.7668133710147184
